url,label
https://www.google.com,0
https://www.wikipedia.org,0
https://www.microsoft.com/en-us,0
https://github.com,0
https://www.amazon.com/dp/B08N5WRWNW,0
https://support.apple.com,0
https://www.calebuniversity.edu.ng,0
https://stackoverflow.com/questions,0
https://docs.python.org/3/library/urllib.parse.html,0
https://www.bbc.com/news,0
http://192.168.1.1/login.php,1
http://10.0.0.5/secure-paypal-update.com,1
http://paypal-secure-login.tk/signin?user=verify,1
http://apple-id-confirm.ml/account-update__secure,1
https://t-mobile.dvskh.top/pay/,1
http://verify-chase-bank.xyz/login@evil.com,1
http://free-money-win-club.online/claim-now!!!---xxx,1
http://dhl-track-package-download.site/track?id=1234567890123,1
http://very-long-suspicious-domain-with-lots-of-hyphens-and-random-123456789.tk/a/very/long/path/that/keeps/going/on/and/on/login/verify/password,1
http://185.22.67.44/banking/secure_signin_update,1
